{
  "data": "./drupalMigrationData",
  "entryfolder": "entries",
  "modules": {
    "locales": {
      "dirName": "locales",
      "fileName": "locales.json"
    },
    "contentTypes": {
      "dirName": "content_types",
      "fileName": "contenttype.json",
      "masterfile": "contenttypes.json",
      "validKeys": [
        "title",
        "uid",
        "schema",
        "options",
        "singleton",
        "description"
      ]
    },
    "references": {
      "dirName": "references",
      "fileName": "references.json",
      "masterfile": "references.json"
    },
    "authors": {
      "dirName": "authors",
      "fileName": "en-us.json",
      "masterfile": "authors.json"
    },
    "entries": {
      "dirName": "entries",
      "fileName": "en-us.json",
      "masterfile": "entries.json"
    },
    "vocabulary": {
      "dirName": "vocabulary",
      "fileName": "en-us.json",
      "masterfile": "vocabulary.json"
    },
    "taxonomy": {
      "dirName": "taxonomy",
      "fileName": "en-us.json",
      "masterfile": "taxonomy.json"
    },

    "asset": {
      "dirName": "assets",
      "fileName": "assets.json",
      "featuredfileName": "_featured.json",
      "masterfile": "url_master.json"
    },

    "query": {
      "dirName": "query",
      "fileName": "index.json"
    }
  },
  "base_locale": { "name": "English US", "code": "en-us" },
  "mysql": {
    "host": "localhost",
    "user": "root",
    "password": "root",
    "database": "riceuni1"
  },
  "base_url": "",
  "public_path": "",
  "private_path": "",
  "drupal_base_url": "",
  "mysql-query": {
    "locale": "SELECT languages.language,languages.name FROM `languages`",
    "taxonomy_term_data": "SELECT a.name, a.description__value,b.tid,b.vid FROM taxonomy_term_field_data a, taxonomy_term_data b WHERE a.vid=b.vid",
    "taxonomyCount": "SELECT count(b.tid) as taxonomycount FROM taxonomy_term_field_data a, taxonomy_term_data b WHERE a.tid = b.tid AND a.vid=b.vid",
    "ct_mapped": "SELECT *, CONVERT(data USING utf8) as data FROM config WHERE name LIKE '%field.field.node%'",
    "fileID": "SELECT * FROM `file_usage`",
    "assetCount": "SELECT count(a.fid) as assetcount FROM file_managed a",
    "assets": "SELECT a.fid, a.filename, a.uri, a.filesize FROM file_managed a",
    "assetsFID": "SELECT a.fid, a.filename, a.uri, b.id,b.count FROM file_managed a, file_usage b WHERE a.fid IN",
    "authorCount": "SELECT count(users_field_data.uid) as usercount FROM users_field_data LEFT JOIN file_managed ON file_managed.fid = users_field_data.uid",
    "authors": "SELECT a.uid, a.name, a.mail, a.timezone, a.langcode, b.user_picture_target_id as picture FROM users_field_data a LEFT JOIN user__user_picture b ON a.uid = b.entity_id",
    "vocabulary": "SELECT taxonomy_term_field_data.vid, taxonomy_term_field_data.name AS title, taxonomy_term_field_data.description__value FROM taxonomy_term_field_data",
    "vocabularyCount": "SELECT count(taxonomy_term_field_data.vid) as vocabularycount FROM taxonomy_term_field_data"
  }
}
